full_name,stars,watchers,forks,stars_delta,watchers_delta,forks_delta,url
anthropics/claude-code,71836,71836,5683,108,108,9,https://github.com/anthropics/claude-code
affaan-m/everything-claude-code,54849,54849,6762,151,151,8,https://github.com/affaan-m/everything-claude-code
shareAI-lab/learn-claude-code,19536,19536,3946,16,16,4,https://github.com/shareAI-lab/learn-claude-code
musistudio/claude-code-router,28633,28633,2207,7,7,1,https://github.com/musistudio/claude-code-router
davila7/claude-code-templates,21587,21587,2032,59,59,4,https://github.com/davila7/claude-code-templates
hesreallyhim/awesome-claude-code,25563,25563,1571,33,33,3,https://github.com/hesreallyhim/awesome-claude-code
anthropics/claude-code-action,5919,5919,1475,3,3,1,https://github.com/anthropics/claude-code-action
VoltAgent/awesome-claude-code-subagents,11842,11842,1259,47,47,5,https://github.com/VoltAgent/awesome-claude-code-subagents
diet103/claude-code-infrastructure-showcase,9092,9092,1177,7,7,1,https://github.com/diet103/claude-code-infrastructure-showcase
frankbria/ralph-claude-code,7367,7367,517,4,4,0,https://github.com/frankbria/ralph-claude-code
Piebald-AI/claude-code-system-prompts,5056,5056,725,7,7,0,https://github.com/Piebald-AI/claude-code-system-prompts
ChrisWiles/claude-code-showcase,5403,5403,458,3,3,0,https://github.com/ChrisWiles/claude-code-showcase
OneRedOak/claude-code-workflows,3668,3668,541,2,2,-1,https://github.com/OneRedOak/claude-code-workflows
shanraisshan/claude-code-best-practice,6050,6050,534,54,54,9,https://github.com/shanraisshan/claude-code-best-practice
1rgs/claude-code-proxy,3108,3108,413,0,0,0,https://github.com/1rgs/claude-code-proxy
disler/claude-code-hooks-mastery,3175,3175,570,0,0,-1,https://github.com/disler/claude-code-hooks-mastery
kodu-ai/claude-coder,5290,5290,200,0,0,0,https://github.com/kodu-ai/claude-coder
Yuyz0112/claude-code-reverse,2123,2123,364,0,0,0,https://github.com/Yuyz0112/claude-code-reverse
zebbern/claude-code-guide,3485,3485,325,2,2,0,https://github.com/zebbern/claude-code-guide
Maciek-roboblog/Claude-Code-Usage-Monitor,6716,6716,329,5,5,0,https://github.com/Maciek-roboblog/Claude-Code-Usage-Monitor
anthropics/skills,79502,79502,8299,115,115,16,https://github.com/anthropics/skills
ykdojo/claude-code-tips,3498,3498,248,55,55,3,https://github.com/ykdojo/claude-code-tips
fuergaosi233/claude-code-proxy,2071,2071,293,0,0,0,https://github.com/fuergaosi233/claude-code-proxy
Cranot/claude-code-guide,2415,2415,256,0,0,0,https://github.com/Cranot/claude-code-guide
anthropics/claude-code-base-action,589,589,590,0,0,0,https://github.com/anthropics/claude-code-base-action
anthropics/claude-code-security-review,3439,3439,274,5,5,0,https://github.com/anthropics/claude-code-security-review
pedrohcgs/claude-code-my-workflow,476,476,632,4,4,6,https://github.com/pedrohcgs/claude-code-my-workflow
Pimzino/claude-code-spec-workflow,3462,3462,248,0,0,0,https://github.com/Pimzino/claude-code-spec-workflow
https-deeplearning-ai/sc-claude-code-files,429,429,590,0,0,1,https://github.com/https-deeplearning-ai/sc-claude-code-files
wshobson/agents,29742,29742,3253,49,49,2,https://github.com/wshobson/agents
router-for-me/CLIProxyAPI,12255,12255,1957,14,14,4,https://github.com/router-for-me/CLIProxyAPI
edmund-io/edmunds-claude-code,1241,1241,256,0,0,0,https://github.com/edmund-io/edmunds-claude-code
siteboon/claudecodeui,7427,7427,944,35,35,11,https://github.com/siteboon/claudecodeui
eyaltoledano/claude-task-master,25692,25692,2438,3,3,0,https://github.com/eyaltoledano/claude-task-master
qwibitai/nanoclaw,16584,16584,2611,99,99,19,https://github.com/qwibitai/nanoclaw
RichardAtCT/claude-code-telegram,1790,1790,211,8,8,0,https://github.com/RichardAtCT/claude-code-telegram
snarktank/ralph,11617,11617,1264,20,20,1,https://github.com/snarktank/ralph
ding113/claude-code-hub,1540,1540,190,3,3,0,https://github.com/ding113/claude-code-hub
feiskyer/claude-code-settings,1242,1242,185,0,0,-1,https://github.com/feiskyer/claude-code-settings
EveryInc/compound-engineering-plugin,9692,9692,770,6,6,2,https://github.com/EveryInc/compound-engineering-plugin
github/spec-kit,72839,72839,6256,32,32,4,https://github.com/github/spec-kit
sugyan/claude-code-webui,936,936,213,1,1,0,https://github.com/sugyan/claude-code-webui
lst97/claude-code-sub-agents,1434,1434,230,1,1,0,https://github.com/lst97/claude-code-sub-agents
carlvellotti/claude-code-pm-course,1510,1510,222,1,1,0,https://github.com/carlvellotti/claude-code-pm-course
ghuntley/claude-code-source-code-deobfuscation,846,846,414,1,1,0,https://github.com/ghuntley/claude-code-source-code-deobfuscation
nishimoto265/Claude-Code-Communication,492,492,239,0,0,0,https://github.com/nishimoto265/Claude-Code-Communication
centminmod/my-claude-code-setup,1920,1920,181,1,1,0,https://github.com/centminmod/my-claude-code-setup
darcyegb/ClaudeCodeAgents,569,569,50,0,0,0,https://github.com/darcyegb/ClaudeCodeAgents
rizethereum/claude-code-requirements-builder,1747,1747,172,0,0,0,https://github.com/rizethereum/claude-code-requirements-builder
sickn33/antigravity-awesome-skills,17250,17250,3125,167,167,27,https://github.com/sickn33/antigravity-awesome-skills
andrepimenta/claude-code-chat,994,994,152,0,0,1,https://github.com/andrepimenta/claude-code-chat
slopus/happy,13859,13859,1065,5,5,1,https://github.com/slopus/happy
Njengah/claude-code-cheat-sheet,1369,1369,170,1,1,0,https://github.com/Njengah/claude-code-cheat-sheet
disler/claude-code-hooks-multi-agent-observability,1209,1209,344,0,0,0,https://github.com/disler/claude-code-hooks-multi-agent-observability
steipete/claude-code-mcp,1143,1143,139,1,1,0,https://github.com/steipete/claude-code-mcp
bfly123/claude_code_bridge,1336,1336,122,4,4,0,https://github.com/bfly123/claude_code_bridge
anthropics/claude-plugins-official,8597,8597,844,11,11,4,https://github.com/anthropics/claude-plugins-official
obra/superpowers,65954,65954,5030,183,183,17,https://github.com/obra/superpowers
trailofbits/claude-code-config,1417,1417,105,9,9,0,https://github.com/trailofbits/claude-code-config
peterkrueck/Claude-Code-Development-Kit,1312,1312,149,0,0,0,https://github.com/peterkrueck/Claude-Code-Development-Kit
winfunc/opcode,20719,20719,1598,2,2,1,https://github.com/winfunc/opcode
catlog22/Claude-Code-Workflow,1359,1359,112,0,0,0,https://github.com/catlog22/Claude-Code-Workflow
zhukunpenglinyutong/idea-claude-code-gui,1413,1413,150,1,1,0,https://github.com/zhukunpenglinyutong/idea-claude-code-gui
EnzeD/vibe-coding,3987,3987,1325,0,0,0,https://github.com/EnzeD/vibe-coding
JessyTsui/Claude-Code-Remote,1110,1110,122,0,0,0,https://github.com/JessyTsui/Claude-Code-Remote
jarrodwatts/claude-code-config,948,948,118,0,0,0,https://github.com/jarrodwatts/claude-code-config
pchalasani/claude-code-tools,1506,1506,96,0,0,0,https://github.com/pchalasani/claude-code-tools
simonw/claude-code-transcripts,1067,1067,120,0,0,0,https://github.com/simonw/claude-code-transcripts
0xfurai/claude-code-subagents,732,732,139,0,0,0,https://github.com/0xfurai/claude-code-subagents
wasabeef/claude-code-cookbook,1017,1017,109,1,1,0,https://github.com/wasabeef/claude-code-cookbook
ComposioHQ/awesome-claude-skills,38773,38773,3839,43,43,6,https://github.com/ComposioHQ/awesome-claude-skills
revfactory/claude-code-mastering,756,756,122,0,0,0,https://github.com/revfactory/claude-code-mastering
farion1231/cc-switch,21788,21788,1341,28,28,1,https://github.com/farion1231/cc-switch
cixingguangming55555/wechat-bot,2533,2533,668,1,1,0,https://github.com/cixingguangming55555/wechat-bot
alirezarezvani/claude-code-tresor,553,553,132,2,2,0,https://github.com/alirezarezvani/claude-code-tresor
jeremylongshore/claude-code-plugins-plus-skills,1462,1462,173,2,2,0,https://github.com/jeremylongshore/claude-code-plugins-plus-skills
anthropics/claude-agent-sdk-demos,1544,1544,244,6,6,1,https://github.com/anthropics/claude-agent-sdk-demos
d-kimuson/claude-code-viewer,924,924,102,0,0,0,https://github.com/d-kimuson/claude-code-viewer
anthropics/claude-agent-sdk-python,5075,5075,668,1,1,0,https://github.com/anthropics/claude-agent-sdk-python
KimYx0207/Claude-Code-x-OpenClaw-Guide-Zh,1761,1761,252,5,5,1,https://github.com/KimYx0207/Claude-Code-x-OpenClaw-Guide-Zh
alirezarezvani/claude-skills,2018,2018,249,6,6,3,https://github.com/alirezarezvani/claude-skills
numman-ali/openskills,8625,8625,559,2,2,0,https://github.com/numman-ali/openskills
browser-use/browser-use,79226,79226,9370,8,8,0,https://github.com/browser-use/browser-use
code-yeongyu/oh-my-opencode,35556,35556,2687,41,41,4,https://github.com/code-yeongyu/oh-my-opencode
ericbuess/claude-code-docs,708,708,101,0,0,1,https://github.com/ericbuess/claude-code-docs
danielmiessler/Personal_AI_Infrastructure,9316,9316,1286,9,9,-1,https://github.com/danielmiessler/Personal_AI_Infrastructure
opactorai/Claudable,3758,3758,563,1,1,0,https://github.com/opactorai/Claudable
kn1026/cc,703,703,270,0,0,0,https://github.com/kn1026/cc
MadAppGang/claude-code,241,241,25,0,0,0,https://github.com/MadAppGang/claude-code
zarazhangrui/frontend-slides,7051,7051,465,34,34,4,https://github.com/zarazhangrui/frontend-slides
severity1/claude-code-prompt-improver,1165,1165,99,0,0,0,https://github.com/severity1/claude-code-prompt-improver
greggh/claude-code.nvim,1870,1870,59,1,1,0,https://github.com/greggh/claude-code.nvim
Yeachan-Heo/oh-my-claudecode,7770,7770,543,9,9,0,https://github.com/Yeachan-Heo/oh-my-claudecode
lyconear/Claude-Code,4,4,146,0,0,0,https://github.com/lyconear/Claude-Code
superdesigndev/superdesign,6042,6042,683,1,1,1,https://github.com/superdesigndev/superdesign
anomalyco/opencode,113111,113111,11357,93,93,28,https://github.com/anomalyco/opencode
BloopAI/vibe-kanban,22087,22087,2122,4,4,1,https://github.com/BloopAI/vibe-kanban
laravel/claude-code,506,506,16,0,0,0,https://github.com/laravel/claude-code
upstash/context7,47253,47253,2239,27,27,1,https://github.com/upstash/context7
daymade/claude-code-skills,613,613,85,0,0,0,https://github.com/daymade/claude-code-skills
